{
  "algorithm": "a3c",
  "train_seconds": 6.758389333001105,
  "timesteps": 20000,
  "mean_reward": 591.6900024414062,
  "std_reward": 511.0008544921875,
  "mean_score": 41.099998474121094,
  "episodes_eval": 10,
  "model_path": "results/compare_mlp_fs1/a3c_model.pt"
}