algorithm,train_seconds,timesteps,mean_reward,std_reward,mean_score,episodes_eval,model_path
a2c,498.6045635000046,100000,12.959999084472656,6.507257461547852,0.30000001192092896,10,results/a2c_only/a2c_model.pt
a2c,504.46475420799993,100000,12.959999084472656,6.507257461547852,0.30000001192092896,10,results/a2c_only/a2c_model.pt
